SURVEY_#,SURVEY_ID,AGE,GENDER,RACE,INDIGENOUS GROUP,MARITIAL_STATUS,CHILDREN,YEARS_ACTIVE_GUERILLA,QUESTION 2 (WVS #33),QUESTION 3 (WVS #35),QUESTION 5 (WVS-6 #48),QUESTION 6 (WVS #28),QUESTION 8 (WVS #29),QUESTION 9 (WVS #30),QUESTION 11 (WVS #31),QUESTION 12 (WVS #32),HOMOSEXUALITY,PROSTITUTION,ABORTION,DIVORCE,PREMARITAL_SEX,HUSBAND_HITTING_WIFE,BREADWINNER,FEMALE_GUERILLA_LEADERS,%_WOMEN_IN_UNIT,GROUP_DOMESTIC_TASKS,IND_DOMESTIC_TASKS,SPOUSE_EARN_MORE,LITERATE_PRE_GUERILLA,JOINED_FORMAL_EDUCATION,FEMINIST,PRIOR_POLITICS_KNOWLEDGE,FORMER_TRADITIONAL_MINDSET,COMMON_TO_FALL_IN_LOVE,COMMON_TO_HAVE_SEX,SEX_PERMITTED,ROMANCE_CIVILIANS,COMMON_MEN_OR_WOMEN,BIRTH_CONTROL,PREGNANCY,ABORTION.1,PRE_POST_SEXISM,COMMENTS
1,VT-01,,Male,Black,,Single,5.0,,2.0,2.0,1.0,3,3.0,3.0,3.0,3.0,,,,10.0,10.0,1.0,1,2.0,,3.0,3.0,0.0,3.0,1,1.0,0.0,1.0,1.0,1.0,1.0,1.0,1.0,4.0,1.0,0.0,2,
2,VT-02,61.0,Male,Mestizo,,Co-habitation,1.0,40.0,2.0,2.0,2.0,3,4.0,4.0,4.0,4.0,10.0,10.0,10.0,10.0,10.0,1.0,0,1.0,35%,1.0,1.0,0.0,3.0,0,0.0,1.0,1.0,1.0,1.0,1.0,1.0,1.0,3.0,2.0,1.0,2,
3,VT-03,58.0,Female,Mestiza,,Single,6.0,13.0,2.0,2.0,1.0,4,4.0,4.0,4.0,4.0,9.0,5.5,5.5,5.5,4.0,2.0,1,1.0,10%,2.0,2.0,0.0,3.0,1,1.0,1.0,0.0,1.0,1.0,1.0,1.0,1.0,4.0,3.0,2.0,0,"#11: ""No, nada"" #14: ""cuando es por necesidad"" #22: ""los unicos que no cocinaban eran los comandantes; las que le hacian rancha a los comandantes si eran solamente mujeres."" #25: ""Estudie hasta 5*"" #28: ""ingrese por conciencia, para luchas por un pueblo, la igualdad social."" #32: ""con permiso del superior/comandante"""
4,VT-04,50.0,Male,Other,,Co-habitation,1.0,16.0,2.0,2.0,1.0,2,3.0,4.0,4.0,4.0,5.5,1.0,5.5,10.0,10.0,1.0,1,2.0,30%,3.0,3.0,0.0,3.0,1,1.0,0.0,0.0,1.0,1.0,1.0,1.0,1.0,4.0,2.0,2.0,0,"#25: ""toda la primaria ahora en diciembre bachiller"" #32: ""con permiso"""
5,VT-05,44.0,Female,Indigenous,,Co-habitation,0.0,20.0,2.0,2.0,1.0,3,4.0,4.0,4.0,4.0,10.0,10.0,10.0,10.0,10.0,1.0,0,2.0,60%,2.0,2.0,0.0,2.0,1,1.0,0.0,1.0,1.0,1.0,1.0,0.0,,4.0,3.0,1.0,2,"#22: ""comandantes tambien cocinaban des el ejemplo"" ""29 ""siii, claro!"" #38: ""dejacion de armas; reincorporados"""
6,VT-06,43.0,Male,Mestizo,,Single,0.0,16.0,2.0,2.0,2.0,3,4.0,4.0,4.0,3.0,10.0,5.5,10.0,10.0,10.0,1.0,1,1.0,30%,3.0,3.0,0.0,3.0,0,1.0,1.0,0.0,1.0,1.0,1.0,1.0,1.0,4.0,2.0,3.0,2,"#5: ""tambien formacion integral"" #25: ""universidad"" #28: ""mucho"" #29: ""no era pera nada censervados"" #33: una una epoca donde si se permitia"" #38: ""ahora hay mas igualdad por la difusion"""
7,VT-07,35.0,Male,Mestizo,,Co-habitation,1.0,18.0,1.0,1.0,2.0,1,4.0,4.0,1.0,2.0,10.0,1.0,1.0,10.0,10.0,1.0,1,3.0,30%,3.0,3.0,0.0,2.0,1,0.0,0.0,1.0,1.0,1.0,1.0,1.0,1.0,3.0,1.0,3.0,2,"#25: ""hasta 2* de primaria"" #27: ""no, igualdad de genero si"" #28: ""nada"" #32: ""pedis permiso"" #33: ""pero era prohibido"" "
8,VT-08,25.0,Male,Black,,Co-habitation,1.0,10.0,1.0,2.0,1.0,3,4.0,4.0,4.0,3.0,10.0,10.0,1.0,10.0,10.0,1.0,1,2.0,30%,3.0,3.0,0.0,2.0,1,0.0,0.0,1.0,1.0,1.0,1.0,1.0,3.0,2.0,2.0,2.0,0,
9,VT-09,34.0,Female,Other,,Co-habitation,5.0,7.0,2.0,1.0,1.0,1,3.0,4.0,2.0,2.0,10.0,7.0,5.5,10.0,10.0,1.0,0,1.0,40%,3.0,3.0,0.0,3.0,0,0.0,1.0,0.0,1.0,1.0,1.0,1.0,1.0,3.0,1.0,3.0,2,"#25: ""5* de primaria"" #34: ""de una mujer era mal visto"" #38: ""los hombres se han vuelto muy flojos"""
10,VT-10,52.0,Male,Other,,Single,6.0,7.0,2.0,2.0,1.0,4,4.0,4.0,4.0,2.0,10.0,9.0,5.5,5.5,10.0,1.0,1,1.0,30%,3.0,3.0,0.0,3.0,0,1.0,0.0,0.0,1.0,1.0,1.0,0.0,1.0,4.0,3.0,3.0,1,"#20: ""yo nunca tuve un mando mujer. si habia, pero yo nuna tuve."" #22: ""todos por igual"" #25: ""5* de primaria, ahora"" #27: ""no lausa, la balabra feminista, pero si igualdad de genero. el fema idelegico, permanentemente estudiando y aprendiendo"" #31: ""era muy facil cambiar de pareja"" #32: ""con permiso"" #34: ""era un delito grav; en ese sentido si habia lena desigualdad"" #37: ""muy pocas podian quedarselo"" #38: ""aqui es libre uso de decidir"""
11,VT-11,39.0,Female,Mestiza,,Co-habitation,1.0,20.0,2.0,2.0,2.0,1,4.0,4.0,4.0,2.0,10.0,9.0,5.5,10.0,10.0,1.0,0,3.0,50%,2.0,2.0,0.0,1.0,,0.0,0.0,1.0,1.0,1.0,1.0,0.0,1.0,4.0,1.0,1.0,2,"#11: ""defecto"" #25: ""hasta 4* de primaria"" #27: ""ambas igualdad si - de tu familia + la universidad esa la guerilla"" #32: ""con permiso"" #35 ""a los 15 despues del hijo"""
12,VT-12,24.0,Female,Indigenous,,Co-habitation,2.0,5.0,2.0,2.0,2.0,,4.0,4.0,4.0,3.0,10.0,10.0,1.0,10.0,10.0,1.0,0,2.0,50%,3.0,3.0,0.0,2.0,0,0.0,0.0,1.0,1.0,1.0,1.0,0.0,1.0,4.0,2.0,3.0,2,"#11: ""dependo de la persona"" #20: ""2-3 mujeres"" #27: ""lucher por la igualdad si"""
13,VT-13,41.0,Male,Black,,Co-habitation,3.0,24.0,2.0,2.0,2.0,,4.0,4.0,4.0,3.0,10.0,8.5,4.5,10.0,10.0,1.0,0,2.0,50%,3.0,3.0,0.0,0.0,1,1.0,0.0,1.0,1.0,1.0,1.0,0.0,1.0,4.0,2.0,3.0,2,"#11: ""dependo de la persona"" #20: ""2-3 mujeres"" #27: ""lucho por la igualdad de genero"" #33: ""pero sucedia"""
14,VT-14,57.0,Male,Black,,Married,3.0,30.0,2.0,2.0,2.0,1,3.0,4.0,3.0,2.0,8.0,7.5,1.0,10.0,10.0,1.0,1,2.0,50%,2.0,3.0,0.0,0.0,1,0.0,0.0,1.0,1.0,1.0,1.0,0.0,1.0,4.0,3.0,4.0,0,"#5: ""puede ser indep. igual con o sin"" #11: ""aveces las mujeres son mejor pq uno esta pensando en salir, en el billas, etc."" #12: ""yo, el rato que este aqui, uo le ayudo. Hacemos igualito los 2. siella trabajera, me tocaria a mi cuidas a los ninos."" #14: ""a mi me molesta cuando es con las ninas, cuando las obligan. muchos madres lo hacen per necesidad. y lego es culpe del estado."" #21: ""aveces  habia mas mujeres que hombres"" #22: ""depende la gente que huberia. A veces padaba hasta 2-3 sin cocinas. A veces nos haciemos el favor."" #26: ""yo aprendi alla en las FARC; ahora voy en 4* de bachilles"" #27: ""alguien que lucha por la igualdad"" #29: ""yo me crie en el campo, y de buenos modales. Nostoros somos 9. 5 varones y 4 hombras. Mis papas: 'Hijos, yo es voy a pedir una cosa: Nunca entren al ejercito ni trebajen para ricos"" #30: ""eso era normal alla. pero eso nuna fue a la fuerza"" #32: ""con permiso"" pera jantase y separarse igual."" #33: ""muy restrirgido, pero si se daba"" #34: ""era mas criticado"" #35: ""a los hombres nos reartian condones"" #37: ""ellas no decian, se quedaban calladas pa querian tenerlo."""
15,VT-15,50.0,Female,Other,,Co-habitation,,20.0,2.0,2.0,1.0,3,2.0,3.0,4.0,2.0,5.5,5.5,5.5,5.5,5.5,1.0,0,1.0,50%,3.0,3.0,0.0,3.0,0,1.0,0.0,0.0,1.0,1.0,1.0,0.0,1.0,4.0,1.0,2.0,2,"#25: ""10* de bachiller"" #32: ""por compertamiento"""
16,VT-16,43.0,Female,Mesitza,,Co-habitation,,20.0,2.0,2.0,1.0,4,4.0,4.0,4.0,4.0,10.0,5.5,9.0,10.0,10.0,1.0,0,1.0,30%,3.0,3.0,0.0,3.0,0,1.0,1.0,1.0,1.0,1.0,1.0,0.0,1.0,4.0,1.0,3.0,0,"#32: ""con permiso"""
17,VT-17,55.0,Male,Mesitzo,,Single,3.0,29.0,2.0,2.0,1.0,,4.0,4.0,3.0,,10.0,5.5,5.5,10.0,10.0,1.0,1,3.0,30%,3.0,3.0,0.0,0.0,1,1.0,1.0,1.0,1.0,1.0,1.0,1.0,1.0,4.0,3.0,3.0,2,"#8: ""depende la persona"" #12: ""depende la persona"" #27: ""luchar per la igualdad si"""
18,VT-18,63.0,Male,Other,,Single,1.0,36.0,2.0,2.0,2.0,4,3.0,3.0,2.0,3.0,1.0,5.5,1.0,7.5,10.0,7.5,1,2.0,10%,2.0,2.0,0.0,1.0,1,0.0,0.0,1.0,1.0,1.0,1.0,1.0,1.0,2.0,4.0,4.0,2,"#5: ""no necesariamente"" #18: ""la mujer le provoca"" #21: ""50 mujeres de 450 hombres en un frente"" #22: ""ibamos por turnos. rancha."" #26: ""yo tuve que pasar 6 meses largos en el curso basico de la guerrilla. Me prepare bieno"" #27: ""una persona que lucha por el derecho de las mujeres? (see recording) #32: ""uno pedia permiso para el matrimonio"""
19,VT-19,37.0,Female,Indigenous,,Co-habitation,2.0,20.0,2.0,2.0,1.0,4,3.0,4.0,4.0,2.0,10.0,10.0,5.5,10.0,10.0,1.0,1,3.0,10%,3.0,3.0,0.0,3.0,0,0.0,0.0,0.0,1.0,1.0,1.0,1.0,1.0,4.0,2.0,3.0,0,
20,VT-20,54.0,Male,Black,,Co-habitation,2.0,30.0,2.0,2.0,2.0,4,3.0,4.0,3.0,2.0,10.0,10.0,5.5,10.0,10.0,1.0,0,3.0,10%,3.0,3.0,0.0,3.0,0,0.0,0.0,0.0,1.0,1.0,1.0,1.0,1.0,4.0,2.0,3.0,2,
21,VT-21,51.0,Male,Black,,Single,1.0,25.0,2.0,2.0,1.0,4,3.0,4.0,4.0,4.0,10.0,10.0,10.0,10.0,10.0,1.0,1,1.0,40%,3.0,3.0,0.0,0.0,1,0.0,1.0,0.0,1.0,1.0,1.0,1.0,1.0,4.0,2.0,2.0,0,"#22: ""dependiendo del personal"" #27: ""igualdad si"""
22,VT-22,38.0,Male,White,,Co-habitation,,15.0,1.0,2.0,1.0,3,3.0,4.0,4.0,4.0,10.0,1.0,10.0,10.0,10.0,1.0,1,3.0,60%,2.0,2.0,0.0,1.0,1,0.0,1.0,0.0,1.0,1.0,1.0,1.0,1.0,4.0,2.0,3.0,0,"#28: ""poquito"""
23,VT-23,33.0,Female,Indigenous,Wiwa,Co-habitation,1.0,20.0,1.0,2.0,1.0,3,3.0,4.0,4.0,4.0,10.0,1.0,10.0,10.0,10.0,1.0,0,3.0,60%,2.0,2.0,0.0,0.0,1,1.0,0.0,,1.0,1.0,1.0,1.0,1.0,4.0,2.0,3.0,0,
24,VT-24,56.0,Male,White,,Co-habitation,1.0,34.0,1.0,2.0,1.0,3,4.0,4.0,4.0,2.0,10.0,7.5,5.0,6.5,10.0,1.0,1,2.0,20%,2.0,2.0,0.0,1.0,1,0.0,1.0,0.0,1.0,1.0,1.0,0.0,3.0,4.0,1.0,1.0,0,"#6: ""depende la edad"" #27: ""pero lucer por los derecho de las mujeres - 8 de marzo!! - !!! no se celebra, se conmemora!"" #32: ""con orden y respeto"""
25,VT-25,32.0,Female,White,,Co-habitation,1.0,14.0,2.0,2.0,1.0,4,3.0,4.0,4.0,4.0,10.0,8.5,6.5,10.0,6.5,1.0,1,3.0,50%,2.0,2.0,0.0,0.0,1,0.0,0.0,1.0,1.0,1.0,1.0,0.0,,4.0,1.0,1.0,0,
26,VT-26,62.0,Male,Mesitzo,,Co-habitation,1.0,37.0,2.0,2.0,1.0,4,4.0,4.0,4.0,4.0,10.0,9.0,10.0,10.0,10.0,1.0,BOTH,2.0,30%,3.0,3.0,0.0,1.0,1,1.0,1.0,0.0,1.0,1.0,1.0,1.0,3.0,4.0,1.0,3.0,2,"#14: ""es culpa de estado"" #25: ""5* de primaria"" #28: ""tuve militaricia en el partido comunista"" #29: ""transformacion total"""
27,VT-27,57.0,Male,Black,Guayú,Married,16.0,23.0,2.0,2.0,1.0,4,4.0,4.0,4.0,,10.0,10.0,10.0,5.5,10.0,1.0,0,2.0,30%,3.0,3.0,0.0,1.0,1,,0.0,1.0,1.0,1.0,1.0,1.0,1.0,2.0,3.0,3.0,2,"#12: ""depende la persona"" #27: ""yo trabajo por el derecho de la mujer. no me gusta esa palabra"" #35: ""cuando uribe no se puelo"""
28,OT-01,53.0,Female,White,,Co-habitation,5.0,20.0,2.0,2.0,2.0,4,4.0,4.0,4.0,4.0,10.0,10.0,10.0,10.0,10.0,1.0,0,3.0,50%,3.0,3.0,0.0,1.0,1,1.0,1.0,0.0,1.0,1.0,1.0,1.0,1.0,4.0,1.0,1.0,2,"#9: ""ambos"""
29,OT-02,26.0,,White,,Co-habitation,1.0,6.0,1.0,2.0,2.0,4,3.0,3.0,4.0,4.0,10.0,10.0,10.0,10.0,10.0,1.0,1,2.0,50%,3.0,3.0,0.0,2.0,0,1.0,0.0,1.0,1.0,1.0,1.0,0.0,1.0,4.0,1.0,1.0,2,
30,OT-03,43.0,Male,Mestizo,,Co-habitation,2.0,23.0,1.0,2.0,2.0,4,4.0,,4.0,4.0,1.0,9.0,1.0,10.0,10.0,5.0,1,2.0,30%,3.0,3.0,0.0,3.0,0,0.0,0.0,0.0,1.0,1.0,1.0,0.0,3.0,4.0,1.0,1.0,0,"#9: ""ambos"""
31,OT-04,28.0,Male,Indigenous,Wuayu,Single,7.0,18.0,1.0,2.0,2.0,4,4.0,,4.0,2.0,,,,10.0,,1.0,1,2.0,40%,3.0,3.0,0.0,0.0,0,0.0,0.0,0.0,1.0,1.0,1.0,0.0,1.0,4.0,1.0,1.0,2,"#9: ""ambos"""
32,OT-05,37.0,Male,Mestizo,,Co-habitation,2.0,17.0,2.0,2.0,2.0,1,4.0,,4.0,3.0,10.0,1.0,10.0,10.0,10.0,1.0,1,3.0,30%,3.0,3.0,0.0,2.0,0,1.0,0.0,0.0,1.0,1.0,1.0,1.0,1.0,4.0,1.0,3.0,2,"#9: ""para ambos"""
33,OT-06,50.0,Male,White,,Co-habitation,5.0,21.0,2.0,2.0,2.0,4,4.0,4.0,,,8.0,10.0,5.0,10.0,10.0,1.0,1,3.0,40%,3.0,3.0,0.0,0.0,0,1.0,1.0,1.0,1.0,1.0,1.0,1.0,1.0,4.0,1.0,1.0,2,"#8: ""tiene iguales capacidades"" #18: ""es una manifestacion de violencia intra familiar"""
34,OT-07,41.0,Female,White,,Co-habitation,2.0,18.0,2.0,2.0,1.0,3,3.0,4.0,4.0,3.0,10.0,1.0,1.0,8.0,10.0,1.0,0,3.0,30%,3.0,3.0,0.0,3.0,1,0.0,0.0,0.0,1.0,1.0,1.0,0.0,1.0,4.0,3.0,1.0,2,
35,OT-08,38.0,Male,Mestizo,,Co-habitation,2.0,13.0,2.0,2.0,2.0,3,4.0,4.0,4.0,3.0,10.0,1.0,5.0,10.0,10.0,1.0,0,3.0,40%,3.0,3.0,0.0,1.0,0,1.0,0.0,1.0,1.0,1.0,1.0,1.0,1.0,4.0,1.0,1.0,,"#9: ""ambos"" #38: ""en ninguna"""
36,OT-09,40.0,,White,,Single,,17.0,2.0,2.0,1.0,1,4.0,,4.0,4.0,10.0,2.0,1.0,4.0,10.0,1.0,1,2.0,50%,1.0,1.0,0.0,1.0,1,0.0,0.0,0.0,1.0,1.0,1.0,1.0,1.0,4.0,1.0,3.0,2,"#9: ""ambos"""
37,OT-10,48.0,Male,White,,Co-habitation,2.0,23.0,2.0,2.0,1.0,4,4.0,,4.0,4.0,10.0,2.0,1.0,4.0,10.0,1.0,1,2.0,50%,1.0,1.0,0.0,1.0,1,0.0,0.0,0.0,1.0,1.0,1.0,1.0,1.0,4.0,1.0,3.0,2,"#9: ""ambos"""
38,OT-11,50.0,Male,Mestizo,,Co-habitation,3.0,20.0,2.0,2.0,1.0,4,4.0,4.0,4.0,1.0,7.0,1.0,1.0,10.0,10.0,1.0,1,3.0,80%,3.0,3.0,0.0,2.0,0,0.0,1.0,1.0,1.0,1.0,1.0,0.0,1.0,4.0,3.0,3.0,2,
39,OT-12,24.0,Female,Indigenous,,Married,7.0,,2.0,2.0,1.0,1,3.0,3.0,1.0,1.0,10.0,1.0,1.0,8.0,10.0,1.0,0,2.0,50%,3.0,3.0,0.0,0.0,1,1.0,0.0,0.0,1.0,1.0,1.0,0.0,1.0,4.0,1.0,1.0,2,"anos formo parte de una guerrilla: ""desde que naci"" #9: ""ambos"""
40,OT-13,37.0,Female,Mestizo,,Single,2.0,22.0,1.0,2.0,1.0,,4.0,4.0,4.0,3.0,9.0,10.0,5.0,10.0,10.0,1.0,1,2.0,50%,3.0,3.0,0.0,1.0,1,1.0,0.0,0.0,1.0,1.0,1.0,0.0,1.0,4.0,1.0,2.0,2,"#2: ""en la realidad"" #9: ""ambos"" #34: ""Para las mujeres era un crimen"""
41,OT-14,34.0,Female,Other,,Co-habitation,7.0,20.0,2.0,2.0,1.0,4,4.0,3.0,4.0,4.0,10.0,10.0,1.0,10.0,10.0,1.0,0,3.0,20%,3.0,3.0,0.0,0.0,1,1.0,0.0,0.0,1.0,1.0,1.0,0.0,1.0,4.0,1.0,1.0,1,"#2: ""el gobierno tiene que si"" #8: ""las mujeres nas que los hombres"" #9: ""por igual debe naber de recho"" #34: ""para la mujer era un des prestiguio"""
42,OT-15,33.0,Female,White,,Co-habitation,,13.0,2.0,2.0,1.0,2,4.0,4.0,3.0,3.0,5.0,9.0,7.0,10.0,10.0,1.0,0,3.0,50%,3.0,3.0,0.0,3.0,0,1.0,1.0,0.0,1.0,1.0,1.0,0.0,1.0,4.0,1.0,1.0,2,"#14: ""metodo de consegur trabajo no hay mas opciones"""
43,OT-16,48.0,Male,Mestizo,,Co-habitation,,23.0,2.0,2.0,2.0,3,3.0,4.0,4.0,4.0,10.0,3.0,2.0,10.0,10.0,1.0,0,2.0,30%,3.0,3.0,0.0,2.0,1,1.0,1.0,0.0,1.0,1.0,1.0,0.0,1.0,4.0,1.0,3.0,2,
44,OT-17,35.0,Female,Black,,Co-habitation,2.0,16.0,2.0,2.0,1.0,2,4.0,4.0,4.0,4.0,10.0,10.0,10.0,10.0,10.0,1.0,1,2.0,50%,3.0,3.0,0.0,3.0,0,1.0,0.0,1.0,1.0,1.0,1.0,0.0,1.0,4.0,1.0,2.0,2,
45,OT-18,40.0,Male,Indigenous,Kankuamo,Co-habitation,1.0,16.0,0.0,2.0,1.0,3,3.0,,4.0,4.0,10.0,7.0,1.0,10.0,1.0,1.0,1,2.0,60%,3.0,3.0,0.0,1.0,0,1.0,1.0,1.0,1.0,1.0,1.0,0.0,1.0,4.0,1.0,2.0,2,"#9: ""ambos"""
46,OT-19,28.0,Female,Indigenous,Yukpa,Co-habitation,,15.0,2.0,2.0,2.0,1,,4.0,4.0,1.0,10.0,10.0,10.0,10.0,10.0,1.0,1,2.0,40%,2.0,3.0,0.0,2.0,1,1.0,0.0,0.0,1.0,1.0,1.0,0.0,1.0,4.0,1.0,1.0,2,
47,OT-20,26.0,Female,Indigenous,Wayu,Co-habitation,1.0,15.0,1.0,2.0,1.0,4,4.0,4.0,4.0,4.0,10.0,1.0,1.0,10.0,10.0,1.0,0,3.0,40%,3.0,3.0,0.0,3.0,0,1.0,0.0,0.0,1.0,1.0,1.0,0.0,,4.0,1.0,2.0,2,"#9: ""ambos"" #34: ""no era comun para ninguno"""
48,OT-21,40.0,Male,Indigenous,Yukpa,Co-habitation,,16.0,2.0,2.0,2.0,4,4.0,,4.0,3.0,10.0,10.0,1.0,10.0,10.0,1.0,1,3.0,80%,3.0,3.0,0.0,0.0,1,0.0,0.0,0.0,1.0,1.0,1.0,0.0,1.0,4.0,1.0,1.0,2,
49,OT-22,39.0,Male,Mestizo,,Co-habitation,2.0,20.0,2.0,2.0,2.0,4,4.0,4.0,4.0,4.0,1.0,1.0,1.0,10.0,10.0,1.0,1,3.0,100%,3.0,3.0,0.0,3.0,0,0.0,1.0,1.0,1.0,1.0,1.0,1.0,1.0,4.0,1.0,3.0,2,
50,OT-23,34.0,Male ,White,,Co-habitation,2.0,6.0,,2.0,1.0,4,4.0,4.0,4.0,4.0,1.0,1.0,1.0,1.0,10.0,1.0,1,2.0,20%,3.0,3.0,0.0,0.0,1,0.0,1.0,0.0,1.0,1.0,1.0,1.0,1.0,4.0,2.0,1.0,2,"#2: ""por igual"" #9: ""ambos"""
51,OT-24,53.0,Female,Indigenous,Kankuama,Single,2.0,30.0,,2.0,1.0,3,4.0,4.0,4.0,1.0,8.0,9.0,1.0,10.0,3.0,1.0,0,2.0,30%,3.0,3.0,0.0,1.0,0,1.0,0.0,0.0,1.0,1.0,1.0,1.0,1.0,4.0,3.0,3.0,2,"#2: ""ambos"" #9: ""ambos"""
52,OT-25,46.0,Male,Other,,Separated,1.0,17.0,2.0,1.0,2.0,3,4.0,4.0,4.0,4.0,1.0,1.0,1.0,10.0,10.0,1.0,1,2.0,30%,3.0,3.0,0.0,2.0,1,0.0,0.0,1.0,1.0,1.0,1.0,0.0,1.0,4.0,1.0,1.0,2,
53,OT-26,27.0,Male,Indigenous,Wayu,Single,1.0,15.0,1.0,1.0,1.0,1,1.0,,1.0,2.0,1.0,1.0,1.0,1.0,10.0,1.0,1,2.0,10%,1.0,1.0,0.0,0.0,1,0.0,0.0,0.0,1.0,1.0,1.0,1.0,2.0,4.0,1.0,3.0,2,"#9: ""para una mujer"""
54,MT-01,53.0,Male,Mestizo,,Co-habitation,3.0,24.0,2.0,2.0,1.0,4,3.0,3.0,1.0,3.0,7.0,1.0,4.0,7.0,10.0,1.0,1,3.0,20%,3.0,3.0,0.0,1.0,1,0.0,1.0,1.0,1.0,1.0,1.0,0.0,3.0,3.0,1.0,1.0,0,
55,MT-02,58.0,Male,Mestizo,,Co-habitation,1.0,30.0,2.0,2.0,1.0,3,4.0,4.0,4.0,4.0,10.0,10.0,10.0,10.0,10.0,1.0,1,2.0,30%,3.0,2.0,0.0,3.0,0,1.0,1.0,1.0,1.0,1.0,1.0,1.0,1.0,3.0,3.0,3.0,2,
56,AT-01,50.0,Male,Indigenous,Wayuu,Co-habitation,1.0,26.0,2.0,2.0,2.0,3,3.0,4.0,4.0,4.0,7.0,1.0,1.0,3.0,10.0,1.0,1,1.0,40%,3.0,3.0,0.0,3.0,0,1.0,0.0,0.0,1.0,1.0,1.0,0.0,1.0,4.0,1.0,1.0,1,"#2: ""iguales"" #6: ""depende dela familia"" #20: ""mandos del medio"" ""mandos de diveccion""  #22: ""Repartian tareas por el orden del dia"" #32: ""con permiso del superior"" #35: ""mayormente mujeres"""
57,AT-02,24.0,Female,Indigenous,Kankuama,Co-habitation,1.0,20.0,2.0,2.0,1.0,3,4.0,4.0,4.0,2.0,10.0,1.0,1.0,8.0,9.0,1.0,0,2.0,40%,1.0,1.0,0.0,1.0,1,1.0,0.0,0.0,1.0,1.0,1.0,0.0,1.0,4.0,3.0,1.0,2,"#9: ""iguales"""
58,AT-03,53.0,Female,Indigenous,Kankuama,Widow,2.0,30.0,2.0,2.0,1.0,3,4.0,3.0,2.0,2.0,10.0,10.0,1.0,10.0,10.0,1.0,0,2.0,30%,3.0,3.0,0.0,1.0,1,1.0,0.0,1.0,1.0,1.0,1.0,0.0,1.0,4.0,4.0,2.0,2,"#9: ""ambos"" #14: ""por necesida""  #16: ""sin se comprenden"" #32: ""permiso"" #34: ""una mujer desprstigios para la organizacion"" "
59,AT-04,22.0,Female,Indigenous,Wayuu,Co-habitation,1.0,3.0,2.0,2.0,1.0,3,4.0,4.0,4.0,3.0,10.0,5.0,1.0,10.0,10.0,1.0,0,2.0,10%,1.0,1.0,0.0,0.0,0,1.0,0.0,0.0,1.0,1.0,1.0,0.0,,4.0,2.0,2.0,,"race: ""habla el idoma"" #5: ""con trabajo se facilitan mas las casas"" #6: ""depende con quien se quede"" #8: ""igual"" #9: ""importante para ambos"" #34: ""no pasaba"" #35: ""solo mujeres"" #37: ""si no lo queria"" #38: ""no se ve"""
60,AT-05,37.0,Female,Other,,Co-habitation,1.0,18.0,2.0,2.0,1.0,1,4.0,3.0,4.0,4.0,10.0,1.0,3.0,10.0,10.0,1.0,1,2.0,30%,2.0,2.0,0.0,3.0,0,1.0,0.0,1.0,1.0,1.0,1.0,0.0,1.0,4.0,1.0,1.0,2,"#8: ""iguales"" #9: ""igual"" #11: ""iguales"" #29: ""estaba juen"""
61,AT-06,47.0,Male,Black,,Married,7.0,20.0,,2.0,2.0,2,3.0,3.0,3.0,3.0,10.0,4.0,1.0,10.0,10.0,1.0,0,2.0,30%,1.0,1.0,0.0,0.0,1,1.0,1.0,0.0,1.0,1.0,1.0,1.0,1.0,2.0,1.0,1.0,2,"#2: ""iguales"" #8: ""iguales"" #9: ""iguales"" #28: ""poco"" #32: ""con permiso"" #33: ""pero era prohibado"""
62,AT-07,38.0,Male,Other,,Co-habitation,2.0,17.0,2.0,2.0,2.0,3,3.0,4.0,4.0,4.0,7.0,2.0,5.0,5.0,7.0,1.0,0,2.0,30%,1.0,1.0,0.0,3.0,0,1.0,1.0,0.0,1.0,1.0,1.0,0.0,1.0,4.0,1.0,1.0,2,"#2: ""iguales"" #6: ""los hijos debem acostumbrarse"" #8: ""por igual"" #11: ""la mujer es mejor, son mas organizadas"" #15: ""bajo ciertos criterios si"" #19: ""iguales""  #28: ""poco"" #32: ""con permiso"""
63,AT-08,43.0,Female,Indigenous,Kankuama,Single,,25.0,2.0,2.0,1.0,2,4.0,4.0,3.0,4.0,8.0,5.0,1.0,8.0,8.0,1.0,1,2.0,40%,1.0,1.0,0.0,2.0,0,1.0,0.0,1.0,1.0,1.0,1.0,1.0,1.0,4.0,2.0,2.0,2,"#3: ""hay hombres que no les gusta para que las mujeres no pengan, independensa economica"" #5: ""desde su experienca si"" #6: ""la madre es quien da el carino y el amor"" #8: ""a la mujer no sele tiene en cuenta mucho en cuestion de idelazgo politico, no we la da oportunidad"" #9: ""para ambos"" #11: ""iguales"" #12: ""ser ama de casa tambien es trabajo y debena remunerarse"" #20: ""en la guerilla la disciplina era por igual y debian organizase como tal las superiores tenian el mismo compatamiento tanto hombres como mujeres"" #22: ""el ordendel dia era importante"" #35: ""los hombres a veces traian ets cuando tenian relaciones por fera y debian cuidarse"" ""habo casos"" #36: ""reaen el ingress tenian que planificar"" extra: ""las mujeres no podian tener relaciones con aules pero los hombres si y siempre hablan problemas por eso"" ""las sanciones eran las consecuencias para las mujeres que 6 hacian y las sanciones eran constructiuas"" ""habian ninos que el peramilitarismo despareados cuando se daban cuenta que sus pabires eran guerrilleros, los torturaban o asescinaban a sus panentes"" ""la guerrilla la transformo politicamente, las experiendas la ayodaron a inadurar y afantar situadones"" ""su ingreso que javen deado irse le gusto su locha le gostaba ser camalografa de guerra lo que menos le gusto fue ser enfermera. salio con el proceso de paz"" ""extrana la solidaridad y el companerismo, esa familia hoy en dia todos estan en lo soyo guardaba la esperanza que todo eso siguiera pero cambio. avidaron sus prinapios"" ""me ha tocado disimolar poque me han reciminado, no me gustan las fotos por eso."" ""la dificultad mas grande es la insegaridad, collen peligro"" ""no poedo tener hijos eso, fue lo que hizo que mentos separasa con mi expareja faque despues de la guerra lo que todos quieren es so familia. y yo no podia darsela"""
64,AT-09,32.0,Male,Black,,Single,1.0,6.0,2.0,2.0,2.0,4,3.0,4.0,4.0,2.0,10.0,1.0,5.0,10.0,10.0,1.0,1,2.0,40%,3.0,2.0,0.0,3.0,0,1.0,0.0,0.0,1.0,1.0,1.0,0.0,,4.0,1.0,1.0,2,"#20: ""manalos medios"" #34: ""no lo vivio"""
65,AT-10,44.0,Male,Other,,Co-habitation,3.0,30.0,2.0,2.0,1.0,1,4.0,4.0,4.0,2.0,10.0,5.0,1.0,10.0,10.0,1.0,1,2.0,5%,1.0,1.0,0.0,2.0,0,1.0,0.0,0.0,1.0,1.0,1.0,0.0,,2.0,1.0,0.0,3,"#2: ""iguales"" #9: ""iguales"" #11: ""iguales"" #14: ""por necesidad"""
66,AT-11,27.0,Female,Other,,Co-habitation,3.0,3.0,2.0,2.0,1.0,2,4.0,4.0,4.0,4.0,10.0,5.0,1.0,10.0,10.0,1.0,0,2.0,10%,1.0,1.0,0.0,2.0,0,1.0,0.0,1.0,1.0,1.0,1.0,0.0,,4.0,1.0,1.0,3,"#8: ""iguales"" #9: ""igual"" #11: ""iguales"" #32: ""con permiso del comandante"" #35: ""mujeres"" #36: ""no se permifian"" #37: ""no se permifian"""
67,AT-12,52.0,Male,Mestizo,,Single,2.0,,,,,,,,,,,,,,,,,,,,,,,,,,,,,,,,,,,,
68,AT-13,50.0,Male,White,,Co-habitation,1.0,28.0,2.0,2.0,1.0,2,4.0,4.0,4.0,4.0,10.0,10.0,1.0,10.0,10.0,1.0,1,2.0,50%,2.0,2.0,0.0,1.0,0,1.0,0.0,1.0,1.0,1.0,1.0,0.0,1.0,4.0,4.0,2.0,Common,"#32: ""permiso del comandante"""
69,AT-14,45.0,Male,Mestizo,,Co-habitation,2.0,30.0,2.0,2.0,2.0,3,4.0,4.0,4.0,4.0,10.0,3.0,4.0,10.0,10.0,1.0,1,2.0,40%,2.0,2.0,0.0,1.0,Not at all,1.0,1.0,0.0,1.0,1.0,1.0,1.0,1.0,4.0,1.0,1.0,2,"#2: ""iguales"" #9: ""iguales"" #11: ""iguales"" #14: ""necesidad de estado"" #24: ""se sentiria avgallaso"""
70,VP-01,59.0,Male,White,,Co-habitation,5.0,22.0,2.0,2.0,1.0,4,4.0,4.0,4.0,2.0,1.0,10.0,5.5,10.0,10.0,1.0,0,2.0,10%,1.0,1.0,0.0,1.0,1,1.0,0.0,1.0,1.0,1.0,1.0,1.0,1.0,4.0,2.0,1.0,1,"#11: ""las mujeres lo narejan mejor que los hombren"" #14: ""[or la necesidad"" #22: ""por cielos se compertia; era por horario"" ""1 hora al dia para lavar"" #28: ""poquito"" #32: ""yo tuve 1"" #33: ""restingido pero se hacia"" #35: ""aqui se penian el Norplant""  #37: ""en ese aspecto si habia mujeres que eran bruas con eso"" #38: ""Hoyen dia, siento que las mujeres son sancion mas libres"""
71,VP-02,32.0,Female,Indigenous,Guigua + Cuencuamo,Single,1.0,16.0,2.0,2.0,1.0,2,4.0,4.0,3.0,4.0,10.0,10.0,5.5,10.0,5.5,1.0,0,3.0,60%,2.0,2.0,0.0,2.0,0,0.0,0.0,1.0,1.0,1.0,1.0,1.0,1.0,4.0,2.0,3.0,3,"#28: ""eso lo qui aprendiendo estendo alli"" #32: ""easi simpre habia que explicar el comandante se vera mas un los hombres que mujeres"""
72,VP-03,26.0,Female,Indigenous,Aruaca,Single,4.0,11.0,2.0,2.0,1.0,4,3.0,2.0,4.0,4.0,1.0,1.0,1.0,1.0,10.0,1.0,1,2.0,10%,2.0,2.0,0.0,0.0,1,1.0,0.0,1.0,1.0,1.0,1.0,0.0,,4.0,3.0,3.0,3,"""No nos permitian hablas Aruaco por motivos de seguridad"" ""ingreso como a los 10 u 11 anos, por mitlo"" #17: ""antes nos pegaban mas aqui no se usa casi"" ""Pero solia suceder seguido"" #18: ""Habia queno decian nada, entonces no se les podia sancionas"" #21: ""antes yo aveces me dejaba mas pq no quena que me sancionaran, En canbio ahora se lo develvo. Quiense va a dejar?"" #22: ""eso los tomabamos por iguales"" #26: ""A mi me en senearon que en el monte"" #32: ""pero toca pedir permiso"" #34: ""Les daban duro, y los sancioneban"" #37: ""les deban una pastilla"""
73,VP-04,44.0,Female,Other,,Single,1.0,22.0,0.0,2.0,2.0,1,4.0,4.0,1.0,3.0,10.0,10.0,1.0,10.0,10.0,1.0,0,3.0,30%,3.0,3.0,0.0,3.0,0,1.0,0.0,1.0,1.0,1.0,1.0,1.0,1.0,4.0,2.0,1.0,2,"#32: ""habia que pedir permiso solo lost hombres pero no las mujeres"""
74,VP-05,35.0,Male,Indigenous,Cancuama,Co-habitation,1.0,21.0,2.0,2.0,1.0,1,4.0,4.0,1.0,3.0,10.0,5.5,1.0,5.5,5.5,1.0,1,1.0,20%,2.0,2.0,0.0,1.0,1,,0.0,1.0,1.0,1.0,1.0,1.0,1.0,4.0,2.0,2.0,3,
75,VP-06,24.0,Female,Indigenous,Aruaca,Co-habitation,2.0,10.0,2.0,2.0,1.0,3,4.0,4.0,4.0,3.0,10.0,10.0,10.0,10.0,,10.0,1,2.0,60%,1.0,1.0,0.0,2.0,1,1.0,0.0,1.0,1.0,1.0,1.0,1.0,3.0,4.0,2.0,2.0,3,"#22: ""era por turnos"" #28: ""saliendo ya supe mucho mas"" ""uno apende bastante"" #33: ""sie era comun, pero no se permitia"" #34: ""ninguno"" #38: ""alla uno estaba consciente de que si ambos pelean, ambos los sancioran"""
76,VP-07,56.0,Female,Mestiza,,Co-habitation,6.0,31.0,2.0,2.0,1.0,2,4.0,4.0,4.0,,5.5,5.5,5.5,10.0,10.0,1.0,0,1.0,50%,3.0,,0.0,3.0,0,1.0,1.0,0.0,1.0,1.0,1.0,1.0,1.0,4.0,2.0,,3,"#12: ""Depende"" #14: ""el estado tiene la culpa"" #15: ""bajo el amidado de un medico"" #19: ""igual"" #20: ""habia una sola"" #22: ""a veces le hacen el favor a un companero"" #25: ""Bachiller me toco ensenor"" #28: ""up, marcha up lider estudiantil e impulsader"" #36: ""irresponsabilidad"" #38: ""comendante tenra que ester pendiente de que usaren bien el anticonceptivo 'el condon si' 'por ganas de tener hijas'"""
77,VP-08,42.0,Female,White,,Single,3.0,20.0,2.0,2.0,1.0,4,4.0,4.0,4.0,4.0,10.0,5.5,10.0,10.0,10.0,1.0,1,3.0,50%,2.0,2.0,0.0,3.0,0,,1.0,1.0,1.0,1.0,1.0,1.0,3.0,2.0,1.0,3.0,2,"#3: ""casa pa los hombres son machistas es una forma de tenerme dominada aqui en le casa; cuidend a los pelados corinada discriminacion"" #12: ""Noooo"" #14: ""aveces le hecen por no trabejar pero solo por una calamidad"" #15: ""por le sociedad que nos discrimina"" #17: ""ejemple de pener cachos"" ""eso ya no se ve"" #22: ""era notativo; depende del personel que haya"" #25: ""y ahora seme olvido"" #27 ""MUJER"" #28: ""de 18 anos"" #33: ""sancienable!"" #38: ""ya se ha cambiado como es la cosa"""
78,VP-09,56.0,Male,Mestizo,,Co-habitation,2.0,35.0,2.0,2.0,1.0,2,4.0,4.0,4.0,3.0,5.5,5.5,5.5,10.0,10.0,1.0,0,2.0,30%,1.0,,0.0,2.0,0,0.0,1.0,0.0,1.0,1.0,1.0,1.0,1.0,4.0,2.0,,3,"#2: ""Pq 'Lo que ella hace es para losa'"" #5: ""Sena bueno!"" #12: ""Depende, le ama de casa no debreia ser una eselavitad.'"" #14: ""situacion economica no les que de otra opcion"" #15: ""feto enfermo, deforme, o violacion"" #18: ""Nitamopoco vise versa"" #19: ""igual"" #21: ""frente 35 ~60 de 200"" #22: ""como compendente = poco mas bien lavar - tiene demasia - das funciones"" #25: ""5* de primeria y ensenar a leer"" #28: ""yo era de la juco a tenia liderazzo de estudiante"" ""lider manege 75 jovenes; beca a 3* festival de voz en Medellin; por buen militante"" #30: ""ese diento de que a forzabamos a la gente a es ingresor totalmente Falso!"" #32: ""con permiso sancion si mentia"" #34: ""pq. entonces le quitaba escondian credibilidas a la guerrilla, reputacion""#37: ""Habia que ver aquien se lo entresaban"" #38: ""Noplant - se aprobo 7* conferencia 1982"" ""La hermendad/sorondad nos hace balta"" ""A cada quien ahora ve per si mismo."" ""Alla todo nos daban!"" ""Anoranza"""
79,VP-10,26.0,Female,Mestizo,,Co-habitation,1.0,10.0,2.0,2.0,2.0,2,4.0,4.0,3.0,2.0,10.0,10.0,1.0,10.0,10.0,1.0,0,1.0,50%,3.0,2.0,0.0,3.0,0,0.0,0.0,0.0,1.0,1.0,1.0,1.0,1.0,4.0,2.0,2.0,1,"#23: ""cuando era uno solo, tocaba limpiar menos"" #27: ""No usamosese termino"" #28: ""igual ya me eotan acusando (el ejercito) de eso"" #32: ""por lo general no les importa la a menos que biolaran el reginon, como hacerlo durante la guerdia"" #33: ""Mucho"" #34: ""casino los custionaban, en cambio a las mujeres si"" #37: ""degrado"""
80,VP-11,35.0,Male,Mestizo,,Co-habitation,,15.0,2.0,2.0,1.0,4,4.0,4.0,4.0,4.0,10.0,10.0,10.0,10.0,10.0,1.0,1,2.0,40%,3.0,3.0,0.0,3.0,0,1.0,0.0,1.0,1.0,1.0,1.0,0.0,1.0,4.0,2.0,3.0,3,"#6: ""Todo eso debe de ser plenedo; si yo trabajo, tambien le dey un espacio a mis hijos"" #12: ""si mi mujer no trabaja entonces me toca mas ami aportar."" #16: ""No consique mujeres virgenes, ni ellas mismes. Si no conseiquen novio pues ellas misnuas"" #19: ""por le general, pero a veces la mujer mia reabe mas."" #22: ""eso era diano. A cada quien le tocaba diferentes dias"" #29: ""uno como que engieza de nuevo en la guerrilla"" #33: ""A veces se iban los muchachos; desertaban"" ""Nos sancionaban a veces"" #35: ""se utiliziba Norplant, ingecciones, pastillas, etc."" ""Lo que le easera bien a la muchacha"" ""A veces les caia mal el anticonceltivo"" #37: ""Dependia del frente, y el momento, la ubiocacion estrategica. del comandente, etc."""
81,VP-12,49.0,Female,Other,,Single,1.0,30.0,2.0,1.0,1.0,3,4.0,4.0,4.0,4.0,10.0,10.0,5.5,10.0,10.0,1.0,1,3.0,60%,3.0,3.0,0.0,3.0,0,0.0,1.0,1.0,1.0,1.0,1.0,1.0,1.0,4.0,2.0,1.0,2,"#2: ""aqui en colombia si, pa tanel"" #3: ""per el machismo"" #5: ""conbecciones"" #9: ""tiene que ser por igual"" #11: ""con igual de capaces"" #12: ""ella hace ambos, y siempre ha sido asi"" #17: ""para que se entiendan y conozeran, yo creo que en mujer"" #25: ""tada la primeria"" #27: ""normal"" #29: ""aclare masce n la querrilla"" #32: ""pero relaciones gay no"""
82,VP-13,55.0,Female,White,,Co-habitation,1.0,38.0,1.0,2.0,1.0,1,4.0,4.0,4.0,4.0,10.0,10.0,5.5,10.0,10.0,1.0,0,3.0,30%,,,0.0,3.0,0,1.0,1.0,1.0,1.0,1.0,1.0,0.0,,4.0,3.0,2.0,2,"#6: ""el cuidado de 1 no se lo de hadio mas"" #8: ""habemos mujeres muy el la guerrilla a veces eramos mas barracas que los hombres"" #9: ""uno nuntiene que ser menos que nadie, si no igual"" #10: ""yo no puedo acepter que otra mujer me humille a mi solo per ser pobre; yo no tengo pq lavar las prendas intimas de nadie mas. En la guerrilla cada quen punto."" #11: ""todas somos, Hasta mas emprendedoras."" #12: ""no, no, no. esos tambien cansan."" ""trabajos de casa tier ninos"" #13: ""unas pq les guste, otras pq nacen."" ""otras per necesidad"" #14: ""es por necesidad"" #15: ""le toca a uno."" #15: ""cuendo el nino eota deforme. una sobrine que y hijo la ecografia y no tenia cabeza. 8 meses"" #16: ""decia 1/0 nuna tendria un hijo"" ""sin no hay abranse! compezbian"" #17: ""Ni cuando la gente era catolica."" #23: ""Dependia del # de personal; Es una rueda"" #25: ""casi tenia Bachiller"" #28: ""Alla nos ensenaban Mucho. Curosos, enfermia, radio, de Todo, sestreria, yo fui. #32: ""si no, eso seria como una prostitucion Teniamos que pedir permiso el fusilamiento"" #33: ""NUNCA"" #35: ""inmediatamente #37: ""Depende de la mujer solo si yo queria"" #38: ""si se nota que se va perdiendo"""
83,VP-14,39.0,Male,Indigenous,Huiwa,Co-habitation,,16.0,1.0,2.0,1.0,2,4.0,4.0,4.0,4.0,10.0,8.0,1.0,10.0,10.0,1.0,1,2.0,50%,2.0,2.0,0.0,0.0,0,0.0,0.0,1.0,1.0,1.0,1.0,0.0,3.0,3.0,2.0,2.0,1,"#2: ""solo un 10% de los aqui trabajan"" #5: ""las mujeres deben ganarse su sueldo pq uno sin sueldo no es nada"" #6: ""depende como los a costumbren"" #11: ""a veces mas las mujeres pq son mas responsables, uno es borrachim"" #14: ""simepre y cuando no tea en su familia"" #20: ""como 2"" #26: ""Apenas ahorita estoy aprendiendo ~llevo 4 anos"" #32: ""solo con permiso"" #33: ""no normalmente un delito"" #35: ""hombres = a veces, mujeres = simpre"""
84,VP-15,23.0,Female,Indigenous,Guaya,Single,1.0,5.0,2.0,2.0,2.0,,4.0,3.0,3.0,2.0,1.0,1.0,1.0,3.5,1.5,5.5,1,2.0,50%,3.0,3.0,0.0,3.0,0,1.0,0.0,0.0,1.0,1.0,1.0,0.0,,4.0,1.0,2.0,3,"#4: ""enfermeria"" #6: ""depende"" #27: ""!"" #28: ""poquitico"" #32: ""tiene reglamento"" #37: ""Depende de la persona a veces regalar, a veces abordo"" ""caletear-hacerlo a escandidas"""
85,VP-16,36.0,Female,White,,Co-habitation,1.0,20.0,2.0,1.0,1.0,1,4.0,4.0,4.0,4.0,10.0,10.0,10.0,10.0,10.0,1.0,1,3.0,55%,3.0,3.0,0.0,2.0,1,1.0,0.0,1.0,1.0,1.0,1.0,0.0,,4.0,1.0,3.0,3,"#3: ""No, el deberia sentise orgulloso."" #4: ""pq ayuda mas"" #5: ""CLARO Nadie los cuida como uno mismo"" #22: ""Ranchar, criar gallinas, puercos, pizcos, perros"" #30: ""si, claro cada quien tenia supareja"""
86,VP-17,52.0,Male,Mestizo,,Single,2.0,12.0,2.0,2.0,1.0,2,4.0,4.0,4.0,1.0,4.0,10.0,5.5,10.0,10.0,3.0,1,3.0,60%,1.0,1.0,0.0,3.0,1,1.0,1.0,1.0,1.0,1.0,1.0,1.0,1.0,4.0,2.0,1.0,2,"#2: ""es companera o esclava? no, eso no es asi."" #4: ""conducion, RN es el grupo que nos fallo"" #6: ""hipocresia, los ninos son vulnerables"" #9: ""si la companera esta enferma, uno le lavaba la ropa."" ""comparerismo"" #11: ""logico"" #12: ""logico"" #13: ""por desempleo"" #14: ""la necesidad tiene cara de perro"" ""de vzla hay muchas"" ""sexualmente las explotan"" #15: ""violacion, deforma"" ""se vuelve una mujer asesina, homicidio"" #16: ""abrirse jaja"" #17: ""eso era la epoca de Cristo, cuando uno le rogaba como 4 anos"" #19: ""es le primero por aqui, se ven con el ojo morado"" ""la rina"" #20: ""habia, MAS mujeres que hombres"" #23: ""todos por igual"" #26: ""alla aprendio todo"" #28: ""pero aprendi y desperte estando alla."" #32: ""com permiso"" #34: ""hombres = solamente!"" ""mujeres = las podian fusilar era SERIO!"" #38: ""LOGICO. Ahora no hay disciplina"""
87,VP-18,46.0,Male,Mestizo,,Co-habitation,3.0,13.0,2.0,2.0,1.0,4,4.0,4.0,4.0,4.0,10.0,10.0,5.5,10.0,10.0,1.0,1,2.0,30%,3.0,3.0,0.0,3.0,0,1.0,0.0,1.0,1.0,1.0,1.0,0.0,1.0,4.0,1.0,2.0,2,"""union libre"" #6: ""pues me quedo yo cuidando"" #9: ""para ambos por igual; Bueno eso fue lo que no ensenaron en la guerrila."" ""en el regolamente y estatuto"" #14: ""lo que pasa es que es el mismo estado el que hace eso. Vienen muchas mujeres de vzla a hacer eso"" #15: ""depende violacion, defecto feto, etc"" #22: ""diario"" #25: ""ya tenia Bachiller"" #26: ""pero no dijo pq"" #27: ""me dirian que soy marica"" #29: ""claro!"" ""era muy machista"" #33: ""muy poco"" #34: ""se notaba mas"" ""a la mujer le quedaba muy dificil pq llamaba mas atencion"" #37: ""1/2 neses per 10 pq eran normal menos"" #38: ""Ahora se ve mucho que se dejan pegar"""
88,VP-19,47.0,Female,Mestizo,,Widow,1.0,30.0,2.0,2.0,1.0,4,4.0,4.0,2.0,4.0,10.0,10.0,1.0,5.5,5.5,1.0,1,2.0,10%,3.0,3.0,0.0,3.0,0,1.0,0.0,0.0,1.0,1.0,1.0,1.0,1.0,4.0,3.0,2.0,3,"#13: ""lo que se ve aqui en Colombia es una"" #14: ""gran necesidad econonomica"" #25: ""termine el primero de bachillerato"" #32: ""si, pero con permiso"" #33: ""sancionado"" #34: ""NUNCA LOS SANCONABAN!"" #37: ""Degrado"" #38: ""Ahora me pace que son las mujeres las que se han vuelto mas una - chistas. Como que se han sentido muy empoderadas. exageradamente con lo del enfoque de genero"""
89,VP-20,68.0,Male,Indigenous,Pijau,Single,2.0,35.0,,2.0,1.0,,4.0,4.0,4.0,2.0,10.0,7.5,1.0,10.0,10.0,1.0,0,2.0,40%,3.0,3.0,0.0,1.0,1,0.0,1.0,0.0,1.0,1.0,1.0,1.0,1.0,4.0,2.0,1.0,2,"#2: ""segun el trabajo que sea"" ""sies material entonces para el hombre"" #6: ""segun el trabajo"" #8: ""segun la preparacion de la mujer"" #14: ""por necesidad economica"" #15: ""es un asesinato"" #28: ""lo que apredi le aprendi en la guerilla"" "
90,VP-21,38.0,Male,Other,,Co-habitation,1.0,18.0,2.0,2.0,1.0,4,3.0,4.0,3.0,4.0,10.0,5.5,10.0,10.0,10.0,1.0,1,2.0,30%,2.0,2.0,0.0,3.0,0,1.0,0.0,1.0,1.0,1.0,1.0,1.0,1.0,4.0,1.0,3.0,2,"#6: ""hay que compartir la responsabilidad"" #22: ""por rotacion"" #30: ""una ventaja frente al enemigo"" #32: ""con responsabilidad y permiso"" #33: ""semi-permitido siempre y cuando fueran mujeres solteras"" #34: ""unicamente"" #37: ""degrado"""
91,OP-01,46.0,Female,Mestiza,,Co-habitation,,25.0,2.0,2.0,2.0,2,4.0,4.0,4.0,3.0,10.0,9.0,1.0,7.0,10.0,1.0,0,2.0,50%,2.0,2.0,0.0,1.0,1,1.0,0.0,0.0,1.0,1.0,1.0,0.0,,4.0,2.0,2.0,2,
92,OP-02,37.0,Female,Mestiza,,Co-habitation,4.0,7.0,1.0,2.0,1.0,1,3.0,1.0,3.0,1.0,8.0,1.0,1.0,10.0,10.0,1.0,0,1.0,20%,3.0,3.0,0.0,1.0,1,1.0,0.0,0.0,1.0,1.0,1.0,0.0,2.0,4.0,,1.0,2,
93,OP-03,44.0,Male,Indigenous,,Divorced,1.0,26.0,2.0,1.0,2.0,2,3.0,4.0,1.0,3.0,1.0,1.0,1.0,3.0,10.0,1.0,0,2.0,70%,3.0,3.0,0.0,0.0,1,1.0,0.0,0.0,0.0,0.0,1.0,0.0,2.0,4.0,1.0,1.0,2,
94,OP-04,48.0,Female,Mestiza,,Single,7.0,28.0,2.0,2.0,1.0,1,4.0,4.0,4.0,1.0,10.0,10.0,1.0,10.0,10.0,1.0,0,2.0,50%,2.0,1.0,0.0,2.0,0,1.0,0.0,0.0,1.0,1.0,1.0,0.0,1.0,4.0,2.0,1.0,2,
95,OP-05,38.0,Female,Indigenous,,Married,2.0,19.0,2.0,2.0,2.0,1,4.0,4.0,1.0,3.0,9.0,1.0,1.0,10.0,1.0,1.0,0,2.0,80%,3.0,3.0,0.0,1.0,1,1.0,1.0,1.0,1.0,1.0,1.0,0.0,,4.0,0.0,0.0,3,
96,OP-06,34.0,Female,White,,Co-habitation,2.0,10.0,2.0,2.0,1.0,3,4.0,4.0,4.0,4.0,8.0,1.0,1.0,10.0,3.0,1.0,0,2.0,60%,3.0,3.0,0.0,2.0,0,1.0,0.0,0.0,1.0,1.0,1.0,0.0,,4.0,1.0,2.0,3,
97,OP-07,39.0,Male,Indigenous,,Co-habitation,3.0,10.0,0.0,0.0,1.0,3,4.0,4.0,4.0,4.0,10.0,1.0,1.0,10.0,5.0,1.0,0,2.0,70%,3.0,3.0,0.0,3.0,1,1.0,1.0,1.0,1.0,1.0,1.0,0.0,,4.0,1.0,1.0,3,
98,OP-08,62.0,Male,Black,,Single,2.0,32.0,2.0,2.0,2.0,3,4.0,4.0,4.0,4.0,8.0,1.0,1.0,10.0,1.0,1.0,0,2.0,70%,3.0,3.0,0.0,1.0,1,1.0,1.0,1.0,1.0,1.0,1.0,1.0,1.0,4.0,3.0,1.0,2,
99,OP-09,25.0,Male,Mestizo,,Single,,3.0,2.0,,1.0,1,4.0,4.0,4.0,3.0,1.0,10.0,1.0,3.0,8.0,1.0,0,2.0,70%,3.0,3.0,0.0,2.0,1,1.0,0.0,0.0,1.0,1.0,0.0,1.0,1.0,4.0,1.0,2.0,2,
100,OP-10,39.0,Female,Indigenous,,Co-habitation,2.0,14.0,2.0,2.0,2.0,2,4.0,4.0,4.0,3.0,9.0,10.0,1.0,6.0,8.0,1.0,0,2.0,50%,3.0,2.0,0.0,2.0,0,1.0,0.0,0.0,1.0,1.0,1.0,0.0,1.0,4.0,1.0,1.0,2,
101,OP-11,50.0,Male,Mestizo,,Single,,26.0,2.0,2.0,1.0,3,2.0,4.0,4.0,4.0,10.0,5.0,1.0,10.0,5.0,1.0,0,2.0,20%,3.0,3.0,0.0,1.0,1,1.0,1.0,1.0,1.0,1.0,1.0,0.0,1.0,4.0,1.0,2.0,2,
102,OP-12,29.0,Female,Indigenous,,Single,1.0,16.0,1.0,,1.0,4,4.0,4.0,4.0,4.0,10.0,1.0,6.0,10.0,1.0,1.0,1,2.0,10%,3.0,3.0,0.0,3.0,0,1.0,0.0,1.0,1.0,1.0,1.0,0.0,,4.0,1.0,3.0,2,"#34: ""para ninguno"""
103,OP-13,45.0,Male,Other,,Co-habitation,2.0,24.0,2.0,2.0,2.0,4,4.0,4.0,4.0,4.0,10.0,10.0,10.0,10.0,1.0,1.0,1,3.0,40%,3.0,3.0,0.0,2.0,0,1.0,1.0,0.0,1.0,1.0,1.0,0.0,1.0,4.0,0.0,0.0,2,
104,OP-14,39.0,Female,Mestiza,,Single,2.0,20.0,2.0,2.0,1.0,1,4.0,4.0,4.0,4.0,9.0,4.0,1.0,10.0,10.0,1.0,1,3.0,40%,3.0,3.0,0.0,3.0,0,1.0,1.0,1.0,1.0,1.0,1.0,0.0,,4.0,1.0,0.0,2,
105,OP-15,40.0,Male,White,,Co-habitation,2.0,21.0,2.0,2.0,1.0,4,4.0,4.0,4.0,4.0,10.0,10.0,10.0,10.0,10.0,1.0,1,2.0,20%,3.0,3.0,0.0,3.0,0,1.0,1.0,0.0,1.0,1.0,1.0,0.0,1.0,4.0,1.0,1.0,2,
106,OP-16,43.0,Male,Other,,Co-habitation,1.0,24.0,2.0,2.0,2.0,4,4.0,4.0,4.0,4.0,10.0,10.0,10.0,10.0,1.0,1.0,1,3.0,,3.0,3.0,0.0,2.0,,,,,,,,,,,,,,"#18: ""ni al contrario"" #21: ""la encuesta si es de reincor poracion no deberia ser buelta ala montania"" #26: ""respeta las desiciones de las persona"""
107,OP-17,61.0,Male,Mestizo,,Co-habitation,3.0,28.0,2.0,1.0,2.0,4,4.0,4.0,4.0,1.0,10.0,10.0,10.0,10.0,10.0,1.0,1,1.0,30%,3.0,3.0,0.0,2.0,0,0.0,1.0,,1.0,1.0,1.0,1.0,1.0,3.0,1.0,2.0,2,
108,OP-18,45.0,Female,White,,Co-habitation,2.0,30.0,1.0,2.0,1.0,3,4.0,4.0,4.0,1.0,10.0,10.0,1.0,7.0,1.0,1.0,0,2.0,30%,3.0,3.0,0.0,3.0,0,1.0,0.0,0.0,1.0,1.0,1.0,0.0,,4.0,1.0,1.0,2,"#34: ""no era permitido en ningun tiempo"""
109,OP-19,60.0,Female,White,,Single,2.0,30.0,1.0,1.0,1.0,2,4.0,4.0,4.0,4.0,9.0,6.0,1.0,10.0,1.0,1.0,1,2.0,20%,3.0,3.0,0.0,3.0,0,1.0,0.0,0.0,1.0,1.0,1.0,0.0,1.0,4.0,1.0,1.0,2,
110,OP-20,38.0,Male,Indigenous,Kankuamo,Co-habitation,2.0,17.0,2.0,2.0,1.0,3,3.0,4.0,4.0,4.0,10.0,4.0,1.0,10.0,10.0,1.0,0,3.0,10%,3.0,3.0,0.0,2.0,0,0.0,0.0,1.0,1.0,1.0,1.0,0.0,1.0,4.0,1.0,2.0,2,"#2: ""igualdad"" #9: ""igualda"" #18: ""deberia estar al contrario tambien"""
111,OP-21,26.0,Male,Black,,Single,3.0,10.0,2.0,2.0,1.0,3,4.0,4.0,3.0,3.0,10.0,6.0,1.0,10.0,10.0,1.0,0,3.0,20%,3.0,3.0,0.0,2.0,0,0.0,1.0,0.0,1.0,1.0,1.0,1.0,1.0,4.0,1.0,3.0,2,
112,OP-22,25.0,Male,"Indigenous, ""Wayu""",Wayu,Co-habitation,2.0,11.0,2.0,2.0,1.0,3,4.0,4.0,4.0,3.0,10.0,10.0,9.0,10.0,10.0,6.0,1,2.0,40%,3.0,3.0,0.0,1.0,1,0.0,,,1.0,1.0,1.0,0.0,3.0,4.0,1.0,1.0,2,"#28: ""un poco"""
113,OP-23,25.0,Female,"Indigenous, ""Wayu""",Wayu,Single,,9.0,2.0,2.0,1.0,3,3.0,4.0,4.0,3.0,10.0,10.0,10.0,1.0,1.0,1.0,0,1.0,60%,3.0,3.0,0.0,1.0,1,1.0,1.0,,0.0,1.0,0.0,1.0,3.0,2.0,3.0,3.0,2,
114,OP-24,43.0,Male,Black,,Co-habitation,,20.0,2.0,2.0,2.0,3,4.0,4.0,4.0,1.0,10.0,10.0,2.0,10.0,1.0,1.0,0,2.0,40%,3.0,3.0,0.0,1.0,1,0.0,0.0,0.0,1.0,1.0,1.0,0.0,1.0,4.0,0.0,1.0,2,
115,OP-25,43.0,Male,Mestizo,,Married,,16.0,2.0,2.0,1.0,1,4.0,4.0,4.0,4.0,10.0,10.0,10.0,1.0,1.0,1.0,0,2.0,30%,3.0,3.0,0.0,3.0,0,0.0,0.0,0.0,1.0,1.0,1.0,0.0,1.0,4.0,1.0,1.0,2,
116,OP-26,49.0,Male,"Indigenous, ""Kankuamo""",,Co-habitation,4.0,9.0,1.0,2.0,1.0,4,3.0,4.0,4.0,4.0,10.0,10.0,10.0,10.0,1.0,10.0,,3.0,40%,3.0,3.0,0.0,3.0,0,0.0,0.0,1.0,1.0,1.0,1.0,1.0,,4.0,3.0,1.0,2,"##9: ""igual"" 19: ""iguales"" #34: ""no era prohibido"""
117,OP-27,36.0,Male,"Indigenous, ""Kankuamo""",,Co-habitation,4.0,15.0,1.0,2.0,2.0,3,4.0,4.0,4.0,4.0,1.0,6.0,8.0,10.0,10.0,1.0,1,3.0,60%,3.0,3.0,0.0,3.0,1,0.0,0.0,0.0,1.0,1.0,1.0,0.0,1.0,4.0,1.0,1.0,2,
118,OP-28,36.0,Male,Black,,Co-habitation,4.0,22.0,1.0,2.0,2.0,1,4.0,4.0,1.0,4.0,5.0,10.0,10.0,10.0,1.0,1.0,1,3.0,70%,3.0,3.0,3.0,1.0,1,0.0,0.0,0.0,1.0,1.0,1.0,,1.0,4.0,1.0,0.0,3,"#33: ""dependiendo quesi una mujer (o) noestaba casada si era permitido"""
119,AP-01,35.0,Female,Indigenous,Kankuamo,Co-habitation,,20.0,2.0,2.0,1.0,2,4.0,3.0,3.0,4.0,10.0,5.0,5.0,10.0,10.0,1.0,1,2.0,30%,3.0,3.0,0.0,1.0,0,1.0,0.0,0.0,1.0,1.0,1.0,0.0,1.0,3.0,1.0,1.0,2,"#6: ""depende con quien queden la ausencia de la madre es mas Primardial"" #9: ""igual"" #11: ""depende del talentode la pevsana y no del sexo"" #14: ""las necesidades"" #25: ""algo hasta do de primaria"" #29: ""tun eras muy nina"" #32: ""tenian que pedine Permiso al Jefe"" #37: ""En las norma decia que debian cadarse y pasaba tenbin abtener un castigo cano semlarar, recoger camida por nectares"" #38: ""en la guerra todos eran iguales en todo ahora los hombres han dejado las tareas de hogar a las mujeres quieren contribar a tareas de cuidado"""
120,AP-02,28.0,Female,Indigenous,,Co-habitation,2.0,9.0,2.0,2.0,1.0,2,3.0,4.0,4.0,2.0,8.0,6.0,7.0,10.0,10.0,1.0,0,2.0,50%,3.0,3.0,0.0,3.0,0,,0.0,0.0,1.0,1.0,1.0,0.0,,4.0,1.0,1.0,2,"#34: ""no se permitia"""
121,AP-03,39.0,Male,Mestizo,,Co-habitation,1.0,15.0,2.0,2.0,1.0,2,4.0,4.0,4.0,3.0,6.0,5.0,3.0,6.0,7.0,1.0,1,2.0,45%,3.0,3.0,0.0,0.0,1,0.0,0.0,0.0,1.0,1.0,1.0,0.0,3.0,4.0,1.0,1.0,2,"#27: ""cree que puede llegar a ser hembrismo"""
122,AP-04,50.0,Female,Indigenous,,Co-habitation,1.0,30.0,2.0,2.0,1.0,4,2.0,4.0,4.0,4.0,6.0,6.0,6.0,6.0,8.0,1.0,0,2.0,2%,1.0,1.0,0.0,1.0,1,1.0,0.0,1.0,1.0,1.0,1.0,1.0,1.0,4.0,4.0,1.0,2,
123,AP-05,49.0,Male,Black,,Co-habitation,14.0,19.0,2.0,2.0,1.0,4,4.0,3.0,4.0,3.0,10.0,10.0,1.0,7.0,10.0,1.0,1,3.0,10%,3.0,3.0,0.0,3.0,1,1.0,1.0,0.0,1.0,1.0,1.0,1.0,1.0,4.0,0.0,1.0,3,
124,AP-06,42.0,Male,Mestizo,,Married,,21.0,2.0,2.0,1.0,3,4.0,4.0,3.0,4.0,10.0,7.0,2.0,10.0,10.0,1.0,1,3.0,30%,3.0,3.0,0.0,2.0,1,1.0,1.0,1.0,1.0,1.0,1.0,0.0,,4.0,0.0,0.0,3,"#34: ""No se permitia"""
125,AP-07,37.0,Female,White,,Co-habitation,2.0,16.0,2.0,2.0,1.0,1,4.0,3.0,4.0,4.0,10.0,1.0,1.0,10.0,10.0,1.0,0,3.0,80%,3.0,2.0,0.0,1.0,1,1.0,0.0,1.0,1.0,1.0,1.0,0.0,,4.0,0.0,1.0,2,"#34: ""No se permitia"""
126,AP-08,30.0,Male,Indigenous,,Single,,17.0,2.0,2.0,1.0,2,2.0,4.0,3.0,4.0,10.0,5.0,1.0,8.0,10.0,1.0,0,2.0,70%,3.0,3.0,0.0,0.0,1,0.0,0.0,1.0,1.0,1.0,1.0,0.0,3.0,4.0,1.0,4.0,3,
127,AP-09,38.0,Male,Mestizo,,Co-habitation,1.0,18.0,2.0,2.0,1.0,1,4.0,4.0,4.0,4.0,5.0,5.0,1.0,10.0,10.0,1.0,0,,70%,3.0,3.0,0.0,2.0,0,1.0,1.0,0.0,1.0,1.0,1.0,0.0,,4.0,0.0,0.0,3,"#20: ""Donde el se encontraba eras todas mujeres"" #34: ""No se permitia"""
128,AP-10,22.0,Female,Indigenous,,Co-habitation,,8.0,2.0,1.0,1.0,2,4.0,4.0,3.0,2.0,10.0,9.0,1.0,8.0,10.0,1.0,0,3.0,20%,3.0,3.0,0.0,0.0,1,0.0,0.0,1.0,1.0,1.0,1.0,0.0,,3.0,0.0,4.0,3,"#34: ""No se permitia"""
129,AP-11,51.0,Male,White,,Co-habitation,2.0,24.0,2.0,2.0,1.0,3,4.0,4.0,4.0,3.0,10.0,7.0,3.0,7.0,10.0,1.0,1,2.0,40%,2.0,2.0,0.0,1.0,0,1.0,1.0,0.0,1.0,1.0,1.0,1.0,3.0,4.0,1.0,1.0,3,
130,AP-12,38.0,Female,Mestiza,,Co-habitation,2.0,12.0,2.0,2.0,2.0,3,4.0,3.0,3.0,2.0,7.0,3.0,6.0,9.0,8.0,1.0,0,2.0,20%,1.0,1.0,0.0,1.0,0,1.0,0.0,1.0,1.0,1.0,1.0,0.0,,4.0,1.0,1.0,1,"#34: ""No se permitian"""
131,AP-13,38.0,Female,Indigenous,,Single,0.0,20.0,2.0,2.0,1.0,4,4.0,4.0,4.0,4.0,10.0,1.0,10.0,10.0,10.0,1.0,1,2.0,60%,2.0,2.0,0.0,0.0,1,1.0,0.0,0.0,1.0,1.0,1.0,0.0,1.0,4.0,1.0,2.0,2,"#34: ""No se permitia"""
132,AP-14,52.0,Male,Black,,Co-habitation,1.0,17.0,2.0,2.0,1.0,3,4.0,4.0,4.0,2.0,9.0,3.0,9.0,10.0,10.0,1.0,0,3.0,40%,3.0,3.0,0.0,0.0,1,1.0,0.0,1.0,1.0,1.0,1.0,0.0,1.0,3.0,1.0,1.0,2,
133,AP-15,24.0,Female,Indigenous,,Co-habitation,1.0,9.0,2.0,2.0,1.0,3,4.0,3.0,3.0,2.0,10.0,1.0,1.0,10.0,10.0,1.0,1,2.0,70%,1.0,1.0,0.0,0.0,1,0.0,0.0,1.0,1.0,1.0,1.0,0.0,1.0,4.0,1.0,1.0,3,"#34: ""No se permitia"""
134,AP-16,45.0,Male,Mestizo,,Co-habitation,2.0,18.0,2.0,2.0,2.0,4,3.0,4.0,3.0,3.0,4.0,1.0,6.0,10.0,10.0,1.0,1,2.0,40%,3.0,2.0,0.0,3.0,0,1.0,0.0,0.0,1.0,1.0,1.0,1.0,1.0,3.0,1.0,1.0,2,
135,AP-17,40.0,Female,Mestiza,,Co-habitation,1.0,23.0,2.0,2.0,1.0,2,4.0,4.0,3.0,3.0,10.0,1.0,6.0,10.0,10.0,1.0,0,2.0,10%,1.0,1.0,0.0,2.0,0,1.0,0.0,0.0,1.0,1.0,1.0,0.0,1.0,2.0,2.0,2.0,2,"#9: ""igual"" #11: ""iguale, solo las mujeres no han tenido la misma oportunidad que los hombres"" #15: ""bajo ciertas situationes"" #22: ""dependia a la unidad (numero de personas) #34: ""eras sancionables cuando lo hacian"" #35: ""era opcional pero mayormente eras la mujeres era sancionable"" #37: ""era opciomal de cada una"""
136,AP-18,32.0,Female,Other,,Co-habitation,,18.0,2.0,2.0,1.0,2,4.0,4.0,3.0,3.0,10.0,3.0,5.0,10.0,10.0,1.0,0,2.0,2%,1.0,1.0,0.0,3.0,1,1.0,0.0,1.0,1.0,1.0,1.0,0.0,1.0,4.0,2.0,2.0,2,"#2: ""iguales"" #9: ""iguales"" #11: ""iguales"" #15: ""bajo circonstancias"" #22: ""las tareas contitianas defendian de la dificultad o estado de salud de la persona"" #25: ""aprendio en casa"" #32: ""con permiso del jefe"" #34: ""no era permitido, si pasaba pero los sancionaban"""
137,AP-19,29.0,Female,Indigenous,Wayuu,Single,,12.0,2.0,2.0,1.0,2,4.0,3.0,4.0,4.0,10.0,4.0,2.0,10.0,10.0,1.0,0,1.0,70%,1.0,1.0,0.0,3.0,0,0.0,0.0,1.0,1.0,1.0,1.0,1.0,1.0,3.0,1.0,2.0,2,"#2: ""iguales"" #8: ""iguales"" #9: ""iguales"" #14: ""a veces se hace por necesidad"" #32: ""con permiso de jefes"" #33: ""era indisaplina tenia sancion"" #36: ""a veces los anticoncepticos fallaban"""
138,AP-20,41.0,Female,Indigenous,Bari,Co-habitation,3.0,25.0,2.0,1.0,1.0,3,4.0,4.0,4.0,4.0,10.0,1.0,1.0,10.0,10.0,1.0,0,2.0,50%,2.0,2.0,0.0,1.0,0,1.0,0.0,1.0,1.0,1.0,1.0,1.0,1.0,4.0,1.0,2.0,2,"#22: ""2 horas"" #32: ""con permiso de las tropas y superiores"" #34: ""las mujeres no podian prque despues se iban y los hombres traian a las mujeres a la guerrilla"" #37: ""solo si querian y si lo deseaban tenian que entregarlo a familias civiles"" #38: ""alla todos eran iguales"" "
139,AP-21,36.0,Female,Other,,Single,,20.0,2.0,2.0,1.0,2,4.0,3.0,4.0,4.0,10.0,5.0,3.0,10.0,10.0,1.0,1,2.0,6%,1.0,1.0,0.0,1.0,1,1.0,0.0,1.0,1.0,1.0,1.0,1.0,1.0,4.0,2.0,2.0,2,"#2: ""iguales"" #9: ""ambos"" #14: ""por necesidad"" #15: ""bajo ciertas cosas"" #25: ""en casa"" #32: ""permiso de jefes"" #36 ""el anticonceptivo fallaba"""
140,AP-22,45.0,Male,Indigenous,Sinu,Co-habitation,,17.0,2.0,2.0,1.0,3,3.0,4.0,3.0,4.0,10.0,10.0,5.0,10.0,10.0,1.0,0,2.0,40%,1.0,1.0,0.0,0.0,1,1.0,0.0,1.0,1.0,1.0,1.0,0.0,,3.0,1.0,1.0,2,"#2: ""son iguales"" #5: ""no solo para una mujer"" #8: ""es igual, seria discriminarla, tienen las mesmas capacidades"" #9: ""iguales"" #11: ""las misoras, capacidades hombres y mujeres""  #14: ""a veces toca"" #15: ""solo si es violacion, embarazo de alto riesgo"" #32: ""permiso del Comandante"" #33: ""el reglamento decia que no"" #34: ""ninguno"" #35: ""mujeres hombres"""
141,AP-23,33.0,Female,Indigenous,Wayuu,Co-habitation,2.0,15.0,2.0,2.0,1.0,4,4.0,4.0,3.0,4.0,8.0,6.0,1.0,8.0,10.0,1.0,0,2.0,50%,3.0,1.0,0.0,2.0,0,1.0,0.0,1.0,1.0,1.0,1.0,0.0,1.0,4.0,1.0,1.0,2,"#9: ""igual"" #11: ""iguales"" #32: ""permiso"" #35: ""solo mujeres"""
142,AP-24,55.0,Male,Mestizo,,Single,3.0,35.0,2.0,2.0,1.0,4,4.0,4.0,4.0,3.0,10.0,6.0,10.0,10.0,10.0,1.0,1,3.0,40%,3.0,3.0,0.0,2.0,0,1.0,0.0,0.0,1.0,1.0,1.0,0.0,3.0,3.0,1.0,1.0,2,"#2: ""igual"" #9: ""igual"" #32: ""con permiso al superior"""
143,AP-25,45.0,Female,Mestiza,,Co-habitation,5.0,4.0,2.0,2.0,1.0,3,4.0,4.0,1.0,1.0,5.0,1.0,1.0,6.0,8.0,1.0,0,2.0,30%,2.0,2.0,0.0,3.0,0,1.0,0.0,1.0,1.0,1.0,1.0,0.0,1.0,3.0,1.0,1.0,1,"#9: ""igual"" #22: ""por iguales"" #23: ""4 horas"" #34: ""no en permitido"" #35: ""mayormente las mujeres"" #37: ""charlas de educadion sexual y reproductivas para prevenir"""
144,AP-26,37.0,Female,Other,,Co-habitation,1.0,18.0,2.0,2.0,1.0,4,4.0,4.0,4.0,4.0,10.0,10.0,6.0,10.0,10.0,1.0,0,2.0,60%,2.0,3.0,0.0,1.0,0,1.0,0.0,1.0,1.0,1.0,1.0,1.0,1.0,3.0,2.0,2.0,1,"#2: ""iguales"" #9: ""iguales"" #22: ""6 horas"" #32: ""con permiso del superior"" #34: ""no era permitido"" "
145,AP-27,29.0,Female,White,,Separated,2.0,9.0,1.0,2.0,1.0,4,4.0,3.0,3.0,4.0,6.0,5.0,1.0,5.0,10.0,1.0,1,3.0,40%,1.0,1.0,0.0,2.0,1,1.0,0.0,0.0,1.0,1.0,1.0,0.0,,4.0,1.0,0.0,3,"#9: ""para ambos"" #32: ""con permiso de los comandantes"" #34: ""no era permitido"" "
146,AP-28,43.0,Female,Indigenous,Wayuu,Co-habitation,2.0,14.0,2.0,2.0,1.0,4,4.0,4.0,4.0,2.0,10.0,1.0,1.0,10.0,10.0,1.0,0,2.0,60%,1.0,1.0,3.0,3.0,1,1.0,0.0,0.0,1.0,1.0,1.0,1.0,1.0,4.0,0.0,2.0,2,"#2: ""debe ser igual"" #9: ""ambos"" #26: ""aprendio a leer y escribar en casa"" #32: ""permiso de los jefes"" #34: ""las mujeres no podian era delito"" #35: ""solo mujeres"" #36: ""era delito"" #38: ""cuanod estaban alla habian reglamentes que debian respetar"" "
147,AP-29,32.0,Female,White,,Co-habitation,1.0,18.0,2.0,2.0,1.0,4,4.0,4.0,4.0,4.0,6.0,1.0,1.0,10.0,10.0,1.0,0,2.0,50%,1.0,1.0,0.0,0.0,1,1.0,0.0,0.0,1.0,1.0,1.0,0.0,1.0,4.0,0.0,1.0,2,"#2: ""igual"" #9: ""igual"" #22: ""1 hora"" #34: ""no era permitido"" #35: ""las mujeres"""
148,AP-30,39.0,Female,Other,,Single,,23.0,2.0,1.0,1.0,4,4.0,4.0,3.0,4.0,7.0,1.0,1.0,3.0,7.0,1.0,0,2.0,50%,2.0,2.0,0.0,2.0,1,1.0,0.0,1.0,1.0,1.0,1.0,0.0,,3.0,2.0,1.0,3,"#9: ""ambos"" #11: ""igual"" #22: ""4-5 horas"" #32: ""permiso del superior"" #34: ""no se permitido"""
149,AP-31,39.0,Male,Indigenous,Kankuamo,Co-habitation,,20.0,2.0,2.0,2.0,4,4.0,4.0,4.0,4.0,5.0,1.0,3.0,3.0,10.0,1.0,0,1.0,40%,1.0,1.0,0.0,1.0,0,1.0,0.0,0.0,1.0,1.0,1.0,0.0,1.0,4.0,2.0,2.0,1,"#9: ""iguales"" #32: ""con permiso del superior"" #34: ""no se permitia"""
150,BOG-01,45.0,Female,Mestiza,,Single,,32.0,1.0,1.0,1.0,2,2.0,4.0,4.0,1.0,10.0,1.0,5.0,5.0,3.0,1.0,1,1.0,40%,3.0,1.0,,,,,,,1.0,1.0,1.0,0.0,1.0,1.0,2.0,2.0,,
151,BOG-02,45.0,Female,Mestiza,,Co-habitation,4.0,32.0,1.0,1.0,2.0,3,1.0,3.0,3.0,1.0,10.0,10.0,10.0,10.0,10.0,1.0,0,1.0,40%,3.0,3.0,,,,,,,1.0,1.0,1.0,1.0,1.0,3.0,2.0,2.0,,
152,VUP-01,22.0,Female,Indigenous,Guayu,Single,1.0,5.0,2.0,,2.0,2,4.0,2.0,2.0,2.0,10.0,10.0,10.0,7.0,10.0,1.0,,3.0,50%,3.0,3.0,,,,,,,1.0,1.0,0.0,0.0,,4.0,2.0,2.0,,"#19: ""Simpre; siempre lo hacen pero no se justifica"" #28: ""Solo con permiso"" #29: ""Nada"" #30: ""Ninguno"""
153,VUP-02,52.0,Female,Black,,Single,1.0,42.0,2.0,2.0,2.0,Other,,4.0,4.0,1.0,10.0,1.0,1.0,10.0,10.0,1.0,0,3.0,50%,3.0,3.0,0.0,3.0,0,1.0,1.0,0.0,1.0,1.0,1.0,,1.0,3.0,2.0,0.0,,"#5: ""ambos"" #21: ""No me parece sueldo digno"" #33: ""casi"""
